{"1056667742":{"long_id":"$050000005e78fb3e18703fc29b8f53bd","group_type":"SuperGroup","set_owner":"178515366","settings":{"flood":"yes","lock_contacts":"no","lock_spam":"yes","member":"no","lock_link":"yes","public":"no","lock_rtl":"no","lock_sticker":"yes","strict":"no","set_name":"بالــســ🚗ــيــارﮭﮧ","lock_arabic":"no"},"moderators":{"178515366":"(at)hassanamad123"}},"1062475552":{"moderators":{"185044044":"(at)Mylifeinpain"},"group_bye":"bay❤️🤓","long_id":"$050000002017543f0e81932e18f362f1","group_welcome":"اهلاوسهلا بيك نورت التزم بالقوانين لكي لايتم طردك","set_owner":177149243,"settings":{"flood":"yes","lock_contacts":"no","lock_spam":"yes","member":"no","lock_link":"no","public":"no","lock_rtl":"no","lock_sticker":"no","strict":"no","set_name":"ss","lock_arabic":"no"},"group_type":"SuperGroup"},"1052054421":{"long_id":"$050000009513b53eed85bcd0712dee01","group_type":"SuperGroup","set_owner":177149243,"settings":{"flood":"yes","lock_contacts":"no","lock_spam":"yes","member":"no","lock_rtl":"no","lock_tgservice":"yes","public":"no","lock_arabic":"no","lock_sticker":"no","strict":"no","set_name":"black tomes","lock_link":"no"},"moderators":[]},"1062763669":{"moderators":[],"long_id":"$05000000957c583f0a60181f53306710","rules":"القوانين\n❶-عليك احترام القوانـ⚙ـين\n❷-لاتتـ⚔ـجاوز على الاعضاء عندك خلاف حلا بره الكــ🛂ـروب\n❸-واذا تزحـ🐍ـف هـاي الله كتبهة عليك\n❹-لاتحـــ🔐ــاول دخـــ🚭ــن الاعضــ😹ــاء عدهــــه ربـــــو\n❺-اذا تكدر تصعـــ🔰ـــد الكـــــ💲ـــروب الى 100 عضــــ🆙ــــو تصـــعـد ادمـــ👷ــن\n❻-نورتـــــ😘ـــو الكــــ⚙ـــروب","set_owner":205291915,"settings":{"flood":"yes","lock_contacts":"no","lock_spam":"yes","member":"no","lock_link":"no","public":"no","lock_rtl":"no","lock_sticker":"no","strict":"no","set_name":"ⓗⓐⓜⓞⓓⓨ ⓐⓛⓜⓐⓡⓔⓝⓩ","lock_arabic":"no"},"group_type":"SuperGroup"},"groups":{"1059948953":1059948953,"1062475552":1062475552,"1062763669":1062763669,"1052054421":1052054421,"1054627759":1054627759,"1040593605":1040593605,"144057856":144057856,"1056667742":1056667742,"1067256590":1067256590,"112385597":112385597,"1067805954":1067805954,"1054741502":1054741502,"1053462293":1053462293,"1012069221":1012069221,"1057420919":1057420919},"1054627759":{"moderators":[],"long_id":"$05000000af57dc3ea503aa6b609861c8","group_welcome":"اهلا وسهلا بك/ج نوت/ي\nاحترم القوانين لكي لايتم طردك\nللخروج من المجموعه مغادره\nنورتو الكروب\nمدير الكروب ♥حماده♥","set_owner":185044044,"settings":{"flood":"yes","lock_contacts":"no","lock_spam":"yes","member":"no","lock_link":"no","public":"no","lock_rtl":"no","lock_sticker":"no","strict":"no","set_name":"طبا مرض","lock_arabic":"no"},"group_type":"SuperGroup"},"1040593605":{"long_id":"$05000000c532063eed8f2e08ad5815bc","moderators":[],"set_owner":205291915,"settings":{"flood":"yes","lock_contacts":"no","lock_spam":"yes","member":"no","lock_link":"no","public":"no","lock_rtl":"no","lock_sticker":"no","strict":"no","set_name":"حماده","lock_arabic":"no"},"group_type":"SuperGroup"},"144057856":{"long_id":"$02000000002696080000000000000000","group_type":"Group","set_owner":185044044,"settings":{"flood":"yes","lock_member":"no","lock_photo":"no","lock_name":"yes","set_name":"ⓗⓐⓜⓞⓓⓨ ⓐⓛⓜⓐⓡⓔⓝⓩ"},"moderators":[]},"1054741502":{"long_id":"$05000000fe13de3ed56fc1774d5cda7b","moderators":{"90899634":"(at)ha_ssn","178515366":"(at)hassanamad123"},"set_owner":177149243,"settings":{"flood":"yes","lock_contacts":"no","lock_spam":"yes","member":"no","lock_link":"yes","public":"no","lock_rtl":"no","lock_sticker":"no","strict":"no","set_name":"گتٌلُيَ دِقَيَقَہ ۆآجٍيَ خـلُيَتٌنْيَ گآعدِ عمر","lock_arabic":"no"},"group_type":"SuperGroup"},"1067256590":{"description":"عيف غرورك على صفحه","group_type":"SuperGroup","set_owner":177149243,"settings":{"flood":"yes","lock_contacts":"no","lock_spam":"yes","member":"no","lock_rtl":"no","lock_arabic":"no","lock_tgservice":"yes","public":"no","set_photo":"data/photos/channel_photo_1067256590.jpg","lock_sticker":"no","strict":"no","set_name":"بغداد لالا تتألمي","lock_link":"yes"},"moderators":[]},"112385597":{"long_id":"$020000003ddeb2060000000000000000","moderators":[],"set_owner":205291915,"settings":{"flood":"yes","lock_member":"no","lock_photo":"no","set_name":"Master.dev","lock_name":"yes"},"group_type":"Group"},"1067805954":{"long_id":"$05000000026da53fe1ff1583cb94ab3b","group_type":"SuperGroup","set_owner":210533636,"settings":{"flood":"yes","lock_contacts":"no","lock_spam":"yes","member":"no","lock_rtl":"no","lock_tgservice":"yes","public":"no","lock_arabic":"no","lock_sticker":"no","strict":"no","set_name":"تجريبي","lock_link":"no"},"moderators":{"64667644":"(at)aloes1"}},"1059948953":{"long_id":"$0500000099892d3f79fad683a0e9ba5e","moderators":{"178515366":"(at)hassanamad123"},"set_owner":"80047393","settings":{"flood":"yes","lock_contacts":"no","lock_spam":"yes","member":"no","lock_member":"no","lock_link":"yes","public":"no","strict":"no","lock_arabic":"no","lock_sticker":"yes","set_name":"دعم انستا","lock_rtl":"no"},"group_type":"SuperGroup"},"1053462293":{"moderators":{"135861381":"(at)Alilraq1995","174094550":"(at)Montezer1"},"group_bye":"دولي وخلصنه @","long_id":"$05000000158fca3e880a8782334fb86d","group_welcome":"حبي اذا ما تلتزم يطردوك\n#حماده \nنورت/ي الكروب 😘😘😘\nلاضهار القوانين في المجموعه اضغط/ي\nالقوانين\nنورتو جميعا","set_owner":174094550,"settings":{"flood":"yes","lock_contacts":"no","lock_spam":"yes","member":"no","lock_member":"yes","lock_link":"no","public":"no","strict":"no","lock_arabic":"no","lock_sticker":"no","set_name":"{نــسـௌـيت⇣✸✸⇣انـஹـسـணـاك.tt","lock_rtl":"no"},"group_type":"SuperGroup"},"1012069221":{"moderators":[],"group_bye":"دروح","long_id":"$0500000065f3523cfa3c941e18966dce","group_welcome":"hhsjskjsshscs","set_owner":177149243,"settings":{"flood":"yes","lock_contacts":"no","lock_spam":"yes","member":"no","lock_rtl":"no","lock_tgservice":"yes","public":"no","lock_arabic":"no","lock_sticker":"no","strict":"no","set_name":"apps","lock_link":"no"},"group_type":"SuperGroup"},"1057420919":{"long_id":"$0500000077f6063fd773b98542301548","group_type":"SuperGroup","set_owner":177149243,"settings":{"flood":"yes","lock_contacts":"no","lock_spam":"yes","member":"no","lock_rtl":"no","lock_tgservice":"yes","public":"no","lock_arabic":"no","lock_sticker":"no","strict":"no","set_name":"SEED","lock_link":"no"},"moderators":[]}}